question,answer,category
What are some ways to reduce air pollution in cities?,Plant more trees along streets and in parks, promote electric vehicles and public transportation, implement stricter emission standards for industries, and encourage cycling and walking through dedicated lanes.,Air Quality
How can we conserve water in urban areas?,Install low-flow fixtures and smart water meters, fix leaks promptly, promote rainwater harvesting systems, implement greywater recycling, and educate citizens about water conservation practices.,Water Management
What is the importance of waste segregation?,Waste segregation improves recycling efficiency, reduces landfill burden, enables proper disposal of hazardous materials, creates jobs in recycling industries, and helps recover valuable materials from waste streams.,Waste Management
How does using public transport help the environment?,Public transport reduces the number of private vehicles on roads, decreases air pollution and greenhouse gas emissions, reduces traffic congestion, saves energy, and promotes sustainable urban mobility.,Transportation
What are smart grids in smart cities?,Smart grids are modernized electrical grids that use digital communication technology to efficiently distribute electricity, monitor energy usage in real-time, integrate renewable energy sources, and automatically respond to power outages.,Energy Management
How can cities reduce their carbon footprint?,Cities can reduce carbon footprint by promoting renewable energy, improving building energy efficiency, expanding public transport, creating green spaces, implementing carbon pricing, and encouraging sustainable consumption patterns.,Carbon Reduction
What are the benefits of green buildings?,Green buildings consume less energy and water, provide healthier indoor environments, reduce operating costs, minimize environmental impact, increase property values, and contribute to sustainable urban development.,Green Buildings
How do smart traffic systems work?,Smart traffic systems use sensors, cameras, and AI to monitor traffic flow, optimize signal timing, provide real-time traffic information, reduce congestion, and improve road safety through automated responses.,Traffic Management
What is urban farming and its benefits?,Urban farming involves growing food within city limits using techniques like vertical farming, rooftop gardens, and hydroponics. It provides fresh local food, reduces transportation emissions, creates jobs, and improves food security.,Urban Agriculture
How can cities prepare for climate change?,Cities can prepare by developing climate adaptation plans, building flood defenses, creating heat-resistant infrastructure, improving emergency response systems, and designing resilient urban spaces that can withstand extreme weather.,Climate Adaptation
What are the advantages of LED street lighting?,LED street lighting consumes 50-70% less energy than traditional lighting, lasts longer reducing maintenance costs, provides better illumination quality, can be integrated with smart controls, and significantly reduces light pollution.,Energy Efficiency
How do bike-sharing programs benefit cities?,Bike-sharing programs reduce traffic congestion, improve air quality, promote healthy lifestyles, provide affordable transportation options, reduce parking demand, and contribute to a more livable urban environment.,Sustainable Mobility
What is the circular economy in cities?,Circular economy in cities involves designing out waste, keeping products and materials in use longer, regenerating natural systems, sharing resources efficiently, and creating closed-loop systems where waste becomes input for other processes.,Circular Economy
How do green roofs help cities?,Green roofs reduce stormwater runoff, provide insulation reducing energy costs, improve air quality, create urban habitats for wildlife, reduce urban heat island effect, and provide recreational spaces for residents.,Green Infrastructure
What are smart water management systems?,Smart water management systems use IoT sensors to monitor water quality and usage, detect leaks quickly, optimize water distribution, predict maintenance needs, and help citizens track their water consumption in real-time.,Water Technology
How can cities reduce noise pollution?,Cities can reduce noise pollution by implementing quiet zones, using sound barriers along highways, promoting electric vehicles, regulating construction hours, designing buildings with better sound insulation, and creating green buffer zones.,Noise Control
What is sustainable urban mobility?,Sustainable urban mobility focuses on providing efficient, accessible, and environmentally friendly transportation options including walking, cycling, public transit, electric vehicles, and integrated mobility-as-a-service platforms.,Urban Mobility
How do smart parking systems work?,Smart parking systems use sensors to detect available parking spaces, provide real-time information to drivers through mobile apps, enable dynamic pricing, reduce traffic from parking searches, and optimize parking space utilization.,Smart Parking
What are the benefits of urban tree planting?,Urban trees improve air quality by filtering pollutants, reduce urban heat island effect, manage stormwater runoff, provide habitat for wildlife, increase property values, and enhance mental health and well-being of residents.,Urban Forestry
How can cities improve energy efficiency?,Cities can improve energy efficiency through building retrofits, LED lighting upgrades, smart building management systems, district energy systems, energy performance standards, and incentives for energy-efficient technologies.,Energy Conservation
What is a 15-minute city concept?,A 15-minute city is designed so residents can access most daily needs within a 15-minute walk or bike ride, reducing car dependency, improving quality of life, supporting local businesses, and creating more sustainable communities.,Urban Planning
How do renewable energy systems work in cities?,Urban renewable energy systems include solar panels on rooftops and buildings, small wind turbines, geothermal systems, and community energy storage. They reduce grid dependency and carbon emissions while providing clean local energy.,Renewable Energy
What are smart buildings?,Smart buildings use IoT sensors, automated systems, and data analytics to optimize energy use, improve occupant comfort, enhance security, reduce maintenance costs, and adapt to environmental conditions automatically.,Smart Technology
How can cities manage electronic waste?,Cities can manage e-waste through collection programs, partnerships with certified recyclers, repair cafes, take-back programs with manufacturers, public awareness campaigns, and regulations requiring responsible disposal.,E-Waste Management
What is stormwater management in cities?,Urban stormwater management involves green infrastructure like rain gardens, permeable pavements, bioswales, and retention ponds to capture, filter, and slowly release rainwater, preventing flooding and water pollution.,Stormwater Control
How do cities use big data for sustainability?,Cities use big data to optimize energy consumption, predict maintenance needs, analyze traffic patterns, monitor air quality, track waste generation, improve service delivery, and make data-driven decisions for sustainability initiatives.,Data Analytics
What are eco-industrial parks?,Eco-industrial parks are designed where businesses collaborate to share resources, exchange waste materials, and reduce environmental impact through industrial symbiosis, creating more sustainable and efficient industrial operations.,Industrial Ecology
How can cities promote sustainable consumption?,Cities can promote sustainable consumption through awareness campaigns, incentives for eco-friendly products, support for local markets, waste reduction programs, sharing economy initiatives, and policies that encourage responsible consumption patterns.,Sustainable Living
What is transit-oriented development?,Transit-oriented development creates compact, walkable communities centered around public transit stations, reducing car dependency, supporting local businesses, increasing transit ridership, and promoting sustainable urban growth patterns.,Urban Development
How do cities measure their environmental performance?,Cities measure environmental performance using indicators like carbon emissions, air quality indices, water quality metrics, waste diversion rates, energy consumption, green space per capita, and sustainability certification systems.,Environmental Monitoring
What are the benefits of district energy systems?,District energy systems provide heating and cooling to multiple buildings from centralized plants, improving energy efficiency, reducing emissions, enabling renewable energy integration, and lowering costs through economies of scale.,District Energy
How can cities improve indoor air quality?,Cities can improve indoor air quality through building codes requiring proper ventilation, promoting low-emission materials, monitoring air quality in public buildings, educating about indoor plants, and regulating indoor pollutant sources.,Indoor Environment
What is water-sensitive urban design?,Water-sensitive urban design integrates water cycle management into urban planning, using techniques like bioretention systems, constructed wetlands, and porous surfaces to treat and manage water naturally within the urban environment.,Water-Sensitive Design
How do cities support electric vehicle adoption?,Cities support EV adoption by installing charging infrastructure, offering parking incentives, implementing low-emission zones, providing purchase rebates, electrifying public vehicle fleets, and creating EV-friendly policies.,Electric Mobility
What are green corridors in cities?,Green corridors are connected networks of green spaces, parks, and natural areas that provide wildlife habitat, improve air quality, offer recreational opportunities, reduce urban heat, and enhance biodiversity in urban environments.,Green Connectivity
How can cities reduce food waste?,Cities can reduce food waste through composting programs, food recovery initiatives, date labeling education, support for food banks, waste audits, and policies requiring large generators to divert food waste from landfills.,Food Waste Reduction
What is resilient infrastructure?,Resilient infrastructure is designed to withstand and quickly recover from natural disasters, climate impacts, and other disruptions while maintaining essential services and supporting community needs during emergencies.,Infrastructure Resilience
How do cities use smart sensors for environmental monitoring?,Cities deploy smart sensors to monitor air quality, noise levels, water quality, traffic flow, energy consumption, and weather conditions, providing real-time data for better decision-making and citizen information.,Environmental Sensing
What are the benefits of car-free zones?,Car-free zones improve air quality, reduce noise pollution, increase pedestrian safety, support local businesses, provide space for community activities, encourage active transportation, and enhance quality of urban life.,Car-Free Areas
How can cities improve waste collection efficiency?,Cities can improve waste collection through route optimization software, smart bins with fill-level sensors, GPS tracking of collection vehicles, data analytics for demand prediction, and automated collection systems.,Waste Collection
What is adaptive building design?,Adaptive building design creates structures that can change function or configuration over time, responding to evolving needs, climate conditions, and user requirements while minimizing resource consumption and waste.,Adaptive Architecture
How do cities create climate-resilient communities?,Cities create climate resilience through early warning systems, emergency preparedness, resilient infrastructure, community education, vulnerable population support, ecosystem-based adaptation, and collaborative governance approaches.,Community Resilience
What are the environmental benefits of telecommuting?,Telecommuting reduces commuting-related emissions, decreases office energy consumption, reduces traffic congestion, improves air quality, saves resources from reduced office space needs, and can improve work-life balance.,Remote Work Benefits
How can cities promote green innovation?,Cities promote green innovation through incubators for clean technology, public-private partnerships, pilot project funding, regulatory sandboxes, innovation challenges, and collaboration between universities, businesses, and government.,Green Innovation
What is integrated water management?,Integrated water management coordinates all aspects of water resources including supply, treatment, distribution, wastewater management, and stormwater control to optimize efficiency, resilience, and sustainability across the urban water cycle.,Water Integration
How do cities address environmental justice?,Cities address environmental justice by ensuring equitable distribution of environmental benefits and burdens, engaging communities in decision-making, addressing historical inequities, and prioritizing investments in underserved areas.,Environmental Equity
What are living labs in smart cities?,Living labs are real-world testing environments where citizens, researchers, and companies collaborate to develop and test innovative solutions for urban challenges, fostering co-creation and participatory innovation in city development.,Innovation Labs
How can cities reduce heat island effects?,Cities reduce heat island effects through green roofs and walls, urban forestry, reflective surfaces, permeable pavements, strategic shading, water features, and policies that promote cool building materials and designs.,Heat Island Mitigation
What is the role of citizens in smart cities?,Citizens play crucial roles as data contributors, co-creators of solutions, participants in decision-making, adopters of sustainable practices, feedback providers, and partners in implementing and maintaining smart city initiatives.,Citizen Engagement